{
  "num_targets_per_object": {"1": 182, "5": 199, "6": 189, "8": 200, "9": 182, "10": 180, "11": 142, "12": 200},
  "scores": {"1": 0.2339629852971211, "5": 0.8313742967418705, "6": 0.022230992676598116, "8": 0.8170081948194943, "9": 0.39314588334746525, "10": 0.04765550097032861, "11": 0.4157294313794189, "12": 0.3949239460452161}
}