{
  "num_targets_per_object": {"1": 182, "5": 199, "6": 189, "8": 200, "9": 182, "10": 180, "11": 142, "12": 200},
  "scores": {"1": 0.18257501000559181, "5": 0.2856498536132563, "6": 0.0002675943270002676, "8": 0.16918232456761553, "9": 0.2942614321444902, "10": 0.010036620100366201, "11": 0.05664219293550976, "12": 0.19617146972523677}
}