{
  "num_targets_per_object": {"1": 182, "5": 199, "6": 189, "8": 200, "9": 182, "10": 180, "11": 142, "12": 200},
  "scores": {"1": 0.0003102736807030295, "5": 0.0, "6": 0.0, "8": 0.0, "9": 0.007732201791607732, "10": 0.0, "11": 0.0, "12": 0.0}
}