{
  "num_targets_per_object": {"1": 182, "5": 199, "6": 189, "8": 200, "9": 182, "10": 180, "11": 142, "12": 200},
  "scores": {"1": 0.586015978010969, "5": 0.9600884708916235, "6": 0.40141181267479903, "8": 0.9473339600720636, "9": 0.7035116211359594, "10": 0.16365362279864987, "11": 0.683017379586106, "12": 0.7279346969753553}
}