{
  "num_targets_per_object": {"1": 182, "5": 199, "6": 189, "8": 200, "9": 182, "10": 180, "11": 142, "12": 200},
  "scores": {"1": 0.4084179301803731, "5": 0.565514012596352, "6": 0.005805803548388715, "8": 0.5018577475970237, "9": 0.5455142055281978, "10": 0.02838594624981926, "11": 0.21141793524774855, "12": 0.3409387418714487}
}