{
  "num_targets_per_object": {"1": 182, "5": 199, "6": 189, "8": 200, "9": 182, "10": 180, "11": 142, "12": 200},
  "scores": {"1": 0.7901792002707844, "5": 0.9798979897989799, "6": 0.6625530917016196, "8": 0.9600374404566968, "9": 0.7983519774234156, "10": 0.18351249742758696, "11": 0.8111613141158736, "12": 0.888600685037954}
}