{
  "num_targets_per_object": {"1": 182, "5": 199, "6": 189, "8": 200, "9": 182, "10": 180, "11": 142, "12": 200},
  "scores": {"1": 0.3506271221710577, "5": 0.48123001134341203, "6": 0.0013220480248315107, "8": 0.39737538049938015, "9": 0.4394810237692288, "10": 0.017443519090769653, "11": 0.1829240662161454, "12": 0.2791168595233687}
}