{
  "num_targets_per_object": {"1": 182, "5": 199, "6": 189, "8": 200, "9": 182, "10": 180, "11": 142, "12": 200},
  "scores": {"1": 0.42088584439660415, "5": 0.9234202975643705, "6": 0.20901321450859794, "8": 0.913363781650401, "9": 0.5798676406216998, "10": 0.08154730087625531, "11": 0.5320870333490834, "12": 0.5831999288892061}
}