{
  "num_targets_per_object": {"1": 182, "5": 199, "6": 189, "8": 200, "9": 182, "10": 180, "11": 142, "12": 200},
  "scores": {"1": 0.8219236252580712, "5": 0.98009800980098, "6": 0.7568621837511833, "8": 0.9700431581619701, "9": 0.8567331336477759, "10": 0.18753807265577557, "11": 0.8559719367125311, "12": 0.9433197740006857}
}