{
  "num_targets_per_object": {"1": 182, "5": 199, "6": 189, "8": 200, "9": 182, "10": 180, "11": 142, "12": 200},
  "scores": {"1": 0.024035705267584598, "5": 0.014271902714746999, "6": 0.0, "8": 0.0013598671380872745, "9": 0.03658901763691787, "10": 0.0, "11": 0.002965837124252966, "12": 0.012997947727329939}
}