{
  "num_targets_per_object": {"1": 182, "5": 199, "6": 189, "8": 200, "9": 182, "10": 180, "11": 142, "12": 200},
  "scores": {"1": 0.2726056010766256, "5": 0.3641729625136013, "6": 0.0007472445357743321, "8": 0.2824249005685735, "9": 0.37668962124063593, "10": 0.011072340110723401, "11": 0.1194476202202132, "12": 0.2423831925374061}
}