{
  "num_targets_per_object": {"1": 182, "5": 199, "6": 189, "8": 200, "9": 182, "10": 180, "11": 142, "12": 200},
  "scores": {"1": 0.7060344247025793, "5": 0.9798979897989799, "6": 0.5231293964011203, "8": 0.9596402810070871, "9": 0.7506644218911505, "10": 0.17779295294139508, "11": 0.7828338926526639, "12": 0.8280636452274914}
}