{
  "num_targets_per_object": {"1": 182, "5": 199, "6": 189, "8": 200, "9": 182, "10": 180, "11": 142, "12": 200},
  "scores": {"1": 0.837334261968331, "5": 0.98009800980098, "6": 0.7724010996722367, "8": 0.9700431581619701, "9": 0.8711207309119476, "10": 0.24229499970920512, "11": 0.8838648316308831, "12": 0.9665803315025382}
}