{
  "num_targets_per_object": {"1": 182, "5": 199, "6": 189, "8": 200, "9": 182, "10": 180, "11": 142, "12": 200},
  "scores": {"1": 0.8461596553356778, "5": 0.98009800980098, "6": 0.8191300736402573, "8": 0.9700431581619701, "9": 0.8923322597834276, "10": 0.3394546091602648, "11": 0.8872477050450962, "12": 0.9770058907072231}
}