{
  "num_targets_per_object": {"1": 182, "5": 199, "6": 189, "8": 200, "9": 182, "10": 180, "11": 142, "12": 200},
  "scores": {"1": 0.00083067628796778, "5": 0.06994705772328395, "6": 0.0, "8": 0.11335581642003213, "9": 0.011279967953830829, "10": 0.0, "11": 0.003941441441441442, "12": 0.005055824731409311}
}