{
  "num_targets_per_object": {"1": 182, "5": 199, "6": 189, "8": 200, "9": 182, "10": 180, "11": 142, "12": 200},
  "scores": {"1": 0.003653738668616758, "5": 0.0029682169897662035, "6": 0.0, "8": 0.0009303516558552406, "9": 0.015426070054656852, "10": 0.0, "11": 0.00016231131309852296, "12": 0.0013201320132013201}
}