{
  "num_targets_per_object": {"1": 182, "5": 199, "6": 189, "8": 200, "9": 182, "10": 180, "11": 142, "12": 200},
  "scores": {"1": 0.06839557142910264, "5": 0.58805995953019, "6": 0.0002675943270002676, "8": 0.6424754049987107, "9": 0.10224467916183151, "10": 0.012164073550212165, "11": 0.16523183646685471, "12": 0.20129955113651243}
}