{
  "num_targets_per_object": {"1": 182, "5": 199, "6": 189, "8": 200, "9": 182, "10": 180, "11": 142, "12": 200},
  "scores": {"1": 0.1252662265573048, "5": 0.16993875569784003, "6": 0.0, "8": 0.06400853078197284, "9": 0.15488788971601072, "10": 0.0, "11": 0.034715485906698776, "12": 0.12526326313996525}
}