{
  "num_targets_per_object": {"1": 182, "5": 199, "6": 189, "8": 200, "9": 182, "10": 180, "11": 142, "12": 200},
  "scores": {"1": 0.06360033082460516, "5": 0.060206091529659424, "6": 0.0, "8": 0.033917020095674724, "9": 0.06014770391654579, "10": 0.0, "11": 0.008777651413790027, "12": 0.059503332349696195}
}