{
  "num_targets_per_object": {"1": 182, "5": 199, "6": 189, "8": 200, "9": 182, "10": 180, "11": 142, "12": 200},
  "scores": {"1": 0.1604448427175058, "5": 0.7661096890148474, "6": 0.1596071343532799, "8": 0.8142347856135392, "9": 0.4129281161683733, "10": 0.4608027449506265, "11": 0.6664317060764628, "12": 0.30035300959854766}
}