{
  "num_targets_per_object": {"1": 182, "5": 199, "6": 189, "8": 200, "9": 182, "10": 180, "11": 142, "12": 200},
  "scores": {"1": 0.15804696199976564, "5": 0.2501572499530745, "6": 0.01390363787445601, "8": 0.1924253288259747, "9": 0.3095517522130752, "10": 0.10975309844723154, "11": 0.41552075805636224, "12": 0.17971747544078132}
}