{
  "num_targets_per_object": {"1": 182, "5": 199, "6": 189, "8": 200, "9": 182, "10": 180, "11": 142, "12": 200},
  "scores": {"1": 0.9374768915993293, "5": 0.9900990099009901, "6": 0.9549741551463045, "8": 0.9700431581619701, "9": 0.9585240156255983, "10": 0.7798082772930891, "11": 0.9632031055064868, "12": 0.989577905158937}
}