{
  "bop24_average_time_per_image": 0.01361831938266754,
  "bop24_mAP": 0.6771501490363876,
  "bop24_mAP_ad": 0.46761400356164784,
  "bop24_mAP_ad_mm": 0.9429633147990881,
  "bop24_mAP_mspd": 0.7799630086943381,
  "bop24_mAP_mssd": 0.5743372893784372,
  "bop24_mAP_mssd_mm": 0.10883322736732945,
  "bop25_mAP": 0.5743372893784372,
  "bop25_mAP_mm": 0.10883322736732945
}