{
  "num_targets_per_object": {"1": 182, "5": 199, "6": 189, "8": 200, "9": 182, "10": 180, "11": 142, "12": 200},
  "scores": {"1": 0.23803545394049938, "5": 0.15558491688443957, "6": 9.000900090009e-05, "8": 0.09172139316150195, "9": 0.15855283641571705, "10": 0.0, "11": 0.027018325591911762, "12": 0.13651744272246835}
}