{
  "num_targets_per_object": {"1": 182, "5": 199, "6": 189, "8": 200, "9": 182, "10": 180, "11": 142, "12": 200},
  "scores": {"1": 0.9658532319975084, "5": 0.9988171383510033, "6": 0.9366031650394301, "8": 0.9900990099009901, "9": 0.9999458962289671, "10": 0.7088238083696388, "11": 0.9889063981323207, "12": 0.9900990099009901}
}