{
  "num_targets_per_object": {"1": 182, "5": 199, "6": 189, "8": 200, "9": 182, "10": 180, "11": 142, "12": 200},
  "scores": {"1": 0.9527266359325638, "5": 0.9800472354927801, "6": 0.9033310449724163, "8": 0.9697383582814983, "9": 0.9640776434066555, "10": 0.2370008369267717, "11": 0.9537948592104332, "12": 0.9895279001584368}
}