{
  "num_targets_per_object": {"1": 182, "5": 199, "6": 189, "8": 200, "9": 182, "10": 180, "11": 142, "12": 200},
  "scores": {"1": 0.7921276954535496, "5": 0.9696852200402226, "6": 0.7383840534861366, "8": 0.9175913606019253, "9": 0.8254725730135647, "10": 0.19873886017932027, "11": 0.8623425988663189, "12": 0.9667268390976415}
}