{
  "num_targets_per_object": {"1": 182, "5": 199, "6": 189, "8": 200, "9": 182, "10": 180, "11": 142, "12": 200},
  "scores": {"1": 0.9572283487264921, "5": 0.9900990099009901, "6": 0.9287581794442307, "8": 0.9801980198019802, "9": 0.997303793807997, "10": 0.6462621245259517, "11": 0.9889063981323207, "12": 0.9900990099009901}
}