{
  "num_targets_per_object": {"1": 182, "5": 199, "6": 189, "8": 200, "9": 182, "10": 180, "11": 142, "12": 200},
  "scores": {"1": 0.6742003604226487, "5": 0.8439058414275707, "6": 0.2723499620895582, "8": 0.7301016778768977, "9": 0.6647491002814635, "10": 0.14119551691317617, "11": 0.6206830916598556, "12": 0.8620407309688883}
}