{
  "num_targets_per_object": {"1": 182, "5": 199, "6": 189, "8": 200, "9": 182, "10": 180, "11": 142, "12": 200},
  "scores": {"1": 0.9527266359325638, "5": 0.98009800980098, "6": 0.9124261942751449, "8": 0.9797474237219641, "9": 0.9790366207330483, "10": 0.34869906862158817, "11": 0.970247999085229, "12": 0.9900990099009901}
}