{
  "num_targets_per_object": {"1": 182, "5": 199, "6": 189, "8": 200, "9": 182, "10": 180, "11": 142, "12": 200},
  "scores": {"1": 0.9352188635341206, "5": 0.9700454660850701, "6": 0.8741763138019355, "8": 0.9589851797285656, "9": 0.8789980268400379, "10": 0.20388970105192095, "11": 0.9225849895091471, "12": 0.9895279001584368}
}