{
  "num_targets_per_object": {"1": 182, "5": 199, "6": 189, "8": 200, "9": 182, "10": 180, "11": 142, "12": 200},
  "scores": {"1": 0.9572283487264921, "5": 0.9900990099009901, "6": 0.9287581794442307, "8": 0.9797474237219641, "9": 0.9869075078026746, "10": 0.6105632961207116, "11": 0.9759020741905888, "12": 0.9900990099009901}
}