{
  "num_targets_per_object": {"1": 182, "5": 199, "6": 189, "8": 200, "9": 182, "10": 180, "11": 142, "12": 200},
  "scores": {"1": 0.9544092265836797, "5": 0.9900990099009901, "6": 0.9165686300717517, "8": 0.9797474237219641, "9": 0.9790366207330483, "10": 0.45314937034448755, "11": 0.9720562350612213, "12": 0.9900990099009901}
}